Title,Description,Affiliation,Keyword,First Name,Last Name
Lyme 06b - Tulane University_Treatment [Embers & Zhang] (2016-2019),Antibiotic combination therapy in mice and monkey models,Tulane University,Therapeutics,Monica,Embers
Lyme 12c - Columbia & Tulane_Post Mortem [Fallon & Embers] (2018-2020),Investigating the presence and persistence of Lyme and Bartonella infections in animals and humans,Tulane University,Fundamental Knowledge,Monica,Embers
Lyme 15 - Tulane U._Lyme Persistence [Embers] (2015-2016),Lyme persistence - M. Embers - cultivating antibiotic treated Bb,Tulane University,Fundamental Knowledge,Monica,Embers
Lyme 70c - Tulane University Animal Models_Embers (2021-2023),Bartonella therapeutics (animal models),Tulane University,Therapeutics,Monica,Embers
Lyme 86a - Bartonella Drug Repurposing (Tulane),Therapeutic development: repurposing existing drugs for Bartonella,Tulane University,Therapeutics,Monica,Embers
Lyme 08 - BALF_Biorepository [Giampa] (2016-2020),Biorepository sample collection and analysis,"Bay Area Lyme Foundation, Inc",Field Building,Liz,Horn
Lyme 66 - Bay Area Lyme Foundation_Biorepository (2021-2022),Expanding the biorepository and creating a registry for chronic Lyme disease,"Bay Area Lyme Foundation, Inc",Field Building,Liz,Horn
Lyme 01 - Cary Institute_Ecology [Ostfeld] (2016-2020),Integrated Pest Management Study,Cary Institute of Ecosystem Studies Inc,Prevention,Rick,Ostfeld
Lyme 29 - Duke U._Research Sm. Molecule Inhibitors [Spector] (2017-2021),Novel therapeutic development for Lyme and Bartonella,Duke University,Therapeutics,Timothy,Haystead
Lyme 70a - Duke U._Pharmacology [Haystead] (2021-2025),Development of novel molecular-targeted therapeutics and diagnostics for Bartonella henselae with a focus on pharmacology for compound construction.,Duke University,Therapeutics,Timothy,Haystead
Lyme 14 - Mt. Sinai_Systems Biology [Dudley] (2016-2020),Developing a Multiscale Integrated Network model of Lyme Disease (LymeMIND),Icahn School of Medicine at Mount Sinai,Fundamental Knowledge,Avi,Maayan
Lyme 53 - Indiana U._Research [Yang] (2020-2023),Novel treatment development: small molecule inhibitors,Indiana University,Therapeutics,Frank,Yang
Lyme 09 - Institute for Systems Biology_Systems Biology [Hood] (2016-2018),Multi-omics analysis of Lyme patient samples,Institute for Systems Biology,Fundamental Knowledge,Naeha,Subramanian
Lyme 07 - JHU_Biorepository [Aucott & Solosky] (2016-2020),Biorepository sample collection and analysis,Johns Hopkins University,Field Building,John,Aucott
Lyme 67 - JHU_LymeX Initiative [Aucott] (2021-2024),LymeX Innovation Accelerator,Johns Hopkins University,Diagnostics,John,Aucott
Lyme 68 - JHU_Biorepository [Aucott & Soloski] (2021-2022),Lyme Center Biorepository,Johns Hopkins University,Field Building,John,Aucott
Lyme 06a - JHU_Treatment [Zhang & Embers] (2016-2020),Therapeutic development: repurposing existing drugs,Johns Hopkins University,Therapeutics,Monica,Embers
Lyme 22 - JHU & Geisinger_Epidemiology [Schwartz] (2016-2018),Epidemiology of Lyme,Johns Hopkins University,Field Building,Brian,Schwartz
Lyme 61 - NC State _Diagnostic [Breitschwerdt] (2020-2021),New diagnostics development: Bartonella,North Carolina State University,Diagnostics,Ed,Breitschwerdt
Lyme 70b - NC State Cell Models_Breitschwerdt (2021-2023),Development of novel molecular-targeted therapeutics and diagnostics for Bartonella henselae with a focus on cellular models and sample testing,North Carolina State University,Therapeutics,Ed,Breitschwerdt
Lyme 74 - NC State Dev. of droplet digital PCR (Breitschwerdt/Maggi),"Development of a multiplex droplet digital PCR assay for the detection of Babesia, Bartonella, and Borrelia species",North Carolina State University,Diagnostics,Ed,Breitschwerdt
Lyme 18 - Northeastern U._Treatment [Lewis] (2015-2017),Treatment research for chronic lyme and post-treatment lyme disease syndrome,Northeastern University,Therapeutics,Kim,Lewis
Lyme 35 - Northeastern_FMT [Lewis] (2018-2019),Novel therapeutic development: Fecal Matter Transfer,Northeastern University,Therapeutics,Kim,Lewis
Lyme 36 - Northeastern_Pathogen Switching [Lewis] (2018-2021),Novel therapeutic development: Pathogen Switching,Northeastern University,Therapeutics,Kim,Lewis
Lyme 42 - Northeastern U._Disulfiram Treatment [Lewis] (2019-2023),Novel therapeutic development: Disulfiram treatment,Northeastern University,Therapeutics,Kim,Lewis
Lyme 43 - Northeastern U._Hygromycin A Treatment [Lewis] (2019-2023),Novel therapeutic development: Hygromycin A treatment,Northeastern University,Therapeutics,Kim,Lewis
Lyme 78 - UCSD / JCVI_Pathogens [Dupont/Kyrpides] (2022-2024),Developing biological evidence of persistent infection (and active host response) for chronic diseases and helping clinicians understand the interconnection,The University of California at San Diego,Fundamental Knowledge,Christopher,Dupont
Lyme 50 - UCSD_Research [Naviaux] (2019-2021),Post-treatment Lyme research at Naviaux Laboratory,The University of California at San Diego,Therapeutics,Robert,Naviaux
Lyme 23 - UC Davis_Treatment [Baumgarth] (2016-2017),Reversing Bb-induced immune suppression with novel therapies,"The University of California, Davis",Fundamental Knowledge,Nicole,Baumgarth
Lyme 55 - U. Minnesota_Tissue Analysis [Bemis] (2020-2022),New diagnostics development,The University of Minnesota,Diagnostics,Lynne,Bemis
Lyme 04 - UCLA_Diagnostic Development [Ozcan] (2016-2018),New diagnostic development,University of California Los Angeles,Diagnostics,Aydogan,Ozcan
Lyme 44 - UCLA_Diagnostic [Ozcan] (2019-2021),Continuation of new diagnostic development,University of California Los Angeles,Diagnostics,Aydogan,Ozcan
Lyme 13 - Research Fdn._Lyme Disease Research Program [Fallon] (2015-2017),Science writing to advance journal articles ,"Mental Hygiene, Inc.",Field Building,Brian,Fallon
Lyme 25 - Stony Brook_Cohen Lyme Project [Luft] (2016-2018),Study on the impact of Lyme and other tick-borne diseases on the migrant worker population,Stony Brook University,Field Building,Benjamin,Luft
Lyme 34 - SUNY Stony Brook_Cohen Lyme Project [Luft] (2017-2021),Study on the impact of Lyme and other tick-borne diseases on the migrant worker population,Stony Brook University,Field Building,Benjamin,Luft
Lyme 12 - SRI & Columbia U._Research [Fallon & Sellati] (2016-2017),Post-mortem tissue study,Southern Research Institute,Fundamental Knowledge,Brian,Fallon
Lyme 28 - UCSF_Lyme Research [Chiu] (2017-2022),New diagnostic development,"The University of California, San Francisco",Diagnostics,Charles,Chiu
Lyme 12b - Columbia U. & SRI_Lyme Research [Fallon & Sellati] (2016-2017),Post-mortem tissue study,Columbia University,Fundamental Knowledge,Brian,Fallon
Lyme 64 - Columbia U._CTN [Fallon & Aucott] (2020-2024),Establishing a Clinical Trials Network at Columbia University Irving Medical Center,Columbia University,Therapeutics,Brian,Fallon
Lyme 65b - Columbia U._CHAR Treatment Studies [Fallon] (2020-2024),Treatment Studies,Columbia University,Patient Support,Brian,Fallon
Lyme 20 - Columbia U._Diagnostic [Lipkin] (2016-2017),Identifying all known and unknown bacteria and viruses in ticks and studying the role of co-infections and other agents in long-term symptoms post Lyme disease treatment.,Columbia University,Diagnostics,Rafal,Tokarz
Lyme 45 - Columbia U._Diagnostic TBDSeroChip [Tokarz] (2019-2020),New diagnostic development: TBDSeroChip,Columbia University,Diagnostics,Rafal,Tokarz
Lyme 60 - Columbia U._Diagnostic [Tokarz] (2020-2021),New diagnostics development,Columbia University,Diagnostics,Rafal,Tokarz
Lyme 16 - Tufts U._Ecology [Hu] (2015-2017),Developing a vaccine for reservoir animals for Lyme disease,Tufts University,Prevention,Linden,Hu
Lyme 17 - Tufts U._Lyme Persistence [Hu] (2015-2016),Identifying genes that enable Lyme bacteria to survive in ticks,Tufts University,Fundamental Knowledge,Linden,Hu
Lyme 54 - UMD_Next-Generation Therapeutics for Lyme [Pal] (2021-2023),Researching next-generation therapeutics for Lyme disease,University of Maryland,Therapeutics,Utpal,Pal
Lyme 02 - VCU_Vaccine [Marconi] (2016-2017),Developing a combination OspA/OspC human vaccine (mice trials),Virginia Commonwealth University,Prevention,Richard,Marconi
Lyme 38 - VCU_Vaccine [Marconi] (2018-2020),Developing a combination OspA/OspC human vaccine (mice trials),Virginia Commonwealth University,Prevention,Richard,Marconi
Lyme 56 - Virginia Tech_Research [Jutras] (2020-2023),New diagnostics development: Borrelia peptidoglycan,Virginia Polytechnic Institute,Fundamental Knowledge,Brandon,Jutras
Lyme 62 - Yale U._Babesia [Ben Mamoun] (2020-2024),Novel therapeutics development: Babesia,Yale University,Therapeutics,Ben Mamoun,Choukri
Lyme 39 - Yale_Vaccine [Fikrig] (2018-2020),Anti-tick vaccine development,Yale University,Prevention,Erol,Fikrig
Lyme 77 - Yale_Protein Vaccine [Fikrig] (2022-2026),Development of a tick salivary gland protein vaccine for Lyme disease in humans via guinea pig and rabbit models and advancing momentum towards human clinical trial for vaccine,Yale University,Prevention,Erol,Fikrig